Date,BID,ASK,MID_RATE
2024-04-12,13.0824,13.7532,13.4178
2024-04-15,13.0676,13.7378,13.4027
2024-04-16,13.028,13.696,13.362
2024-04-17,13.0102,13.6772,13.3437
2024-04-19,12.9801,13.6457,13.3129
2024-04-22,12.9567,13.6211,13.2889
2024-04-23,12.9223,13.5849,13.2536
2024-04-24,12.9204,13.583,13.2517
2024-04-25,13.0466,13.7156,13.3811
2024-04-26,13.0863,13.7573,13.4218
2024-04-29,13.1047,13.7767,13.4407
2024-04-30,13.0943,13.7658,13.4301
2024-05-02,13.0835,13.7545,13.419
2024-05-03,13.2151,13.8928,13.554
2024-05-06,13.3338,14.0176,13.6757
2024-05-07,13.3272,14.0106,13.6689
2024-05-08,13.3237,14.0069,13.6653
2024-05-09,13.1943,13.8709,13.5326
2024-05-10,13.1807,13.8567,13.5187
2024-05-13,13.1453,13.8193,13.4823
2024-05-14,13.0772,13.7479,13.4126
2024-05-15,13.0745,13.7449,13.4097
2024-05-16,13.0665,13.7365,13.4015
2024-05-17,13.0627,13.7325,13.3976
2024-05-20,13.036,13.7046,13.3703
2024-05-21,12.9771,13.6425,13.3098
2024-05-22,12.9448,13.6086,13.2767
2024-05-23,12.8878,13.5488,13.2183
2024-05-24,12.8936,13.5548,13.2242
2024-05-27,12.9121,13.5743,13.2432
2024-05-28,12.9469,13.6109,13.2789
2024-05-29,12.971,13.6362,13.3036
2024-05-30,12.9695,13.6347,13.3021
2024-05-31,12.9848,13.6506,13.3177
2024-06-03,12.9781,13.6437,13.3109
2024-06-04,12.9833,13.6491,13.3162
2024-06-06,13.0997,13.7715,13.4356
2024-06-07,13.0951,13.7667,13.4309
2024-06-10,13.0578,13.7274,13.3926
2024-06-11,13.1273,13.8005,13.4639
2024-06-12,13.1612,13.836,13.4986
2024-06-13,13.1468,13.821,13.4839
2024-06-14,13.1433,13.8173,13.4803
2024-06-17,13.1537,13.8283,13.491
2024-06-18,13.1493,13.8237,13.4865
2024-06-19,13.1548,13.8294,13.4921
2024-06-20,13.2424,13.9216,13.582
2024-06-21,13.2505,13.9301,13.5903
2024-06-24,13.2417,13.9207,13.5812
2024-06-25,13.257,13.9369,13.597
2024-06-26,13.261,13.941,13.601
2024-06-27,13.3394,14.0234,13.6814
2024-06-28,13.3605,14.0456,13.7031
2024-07-01,13.36,14.0452,13.7026
2024-07-02,13.3494,14.034,13.6917
2024-07-03,13.3559,14.0409,13.6984
2024-07-04,13.4178,14.1058,13.7618
2024-07-05,13.3522,14.037,13.6946
2024-07-08,13.4167,14.1047,13.7607
2024-07-09,13.3966,14.0836,13.7401
2024-07-10,13.3888,14.0754,13.7321
2024-07-11,13.3924,14.0792,13.7358
2024-07-12,13.4193,14.1075,13.7634
2024-07-15,13.4063,14.0939,13.7501
2024-07-16,13.4123,14.1001,13.7562
2024-07-17,13.3906,14.0774,13.734
2024-07-18,13.381,14.0672,13.7241
2024-07-19,13.3735,14.0593,13.7164
2024-07-22,13.3597,14.0449,13.7023
2024-07-23,13.4089,14.0965,13.7527
2024-07-24,13.4247,14.1131,13.7689
2024-07-25,13.4405,14.1298,13.7852
2024-07-26,13.4375,14.1267,13.7821
2024-07-29,13.4464,14.136,13.7912
2024-07-30,13.4513,14.1411,13.7962
2024-07-31,13.4413,14.1305,13.7859
2024-08-01,13.4502,14.14,13.7951
2024-08-02,13.4296,14.1182,13.7739
2024-08-05,13.4213,14.1095,13.7654
2024-08-06,13.4182,14.1064,13.7623
2024-08-07,13.4371,14.1262,13.7817
2024-08-08,13.457,14.1471,13.8021
2024-08-09,13.4368,14.126,13.7814
2024-08-14,13.4356,14.1247,13.7802
2024-08-15,13.4416,14.131,13.7863
2024-08-16,13.4454,14.135,13.7902
2024-08-19,13.447,14.1366,13.7918
2024-08-20,13.4564,14.1464,13.8014
2024-08-21,13.4593,14.1495,13.8044
2024-08-22,13.4624,14.1528,13.8076
2024-08-23,13.4681,14.1587,13.8134
2024-08-26,13.475,14.166,13.8205
2024-08-27,13.4833,14.1748,13.8291
2024-08-28,13.4702,14.161,13.8156
2024-08-29,13.4928,14.1848,13.8388
2024-08-30,13.5082,14.201,13.8546
2024-09-02,13.5137,14.2068,13.8603
2024-09-03,13.5193,14.2125,13.8659
2024-09-04,13.5229,14.2164,13.8697
2024-09-05,13.5274,14.221,13.8742
2024-09-06,13.5437,14.2383,13.891
2024-09-09,13.5755,14.2717,13.9236
2024-09-10,13.599,14.2964,13.9477
2024-09-11,13.6002,14.2976,13.9489
2024-09-12,13.6005,14.2979,13.9492
2024-09-13,13.6033,14.3009,13.9521
2024-09-16,13.6074,14.3052,13.9563
2024-09-17,13.609,14.3068,13.9579
2024-09-18,13.6118,14.3098,13.9608
2024-09-19,13.6218,14.3204,13.9711
2024-09-23,13.6307,14.3297,13.9802
2024-09-24,13.6358,14.335,13.9854
2024-09-25,13.6414,14.341,13.9912
2024-09-26,13.6487,14.3487,13.9987
2024-09-27,23.7804,25.0,24.3902
2024-09-30,24.261,25.5052,24.8831
2024-10-01,24.5022,25.7588,25.1305
2024-10-02,24.6503,25.9145,25.2824
2024-10-03,24.6493,25.9133,25.2813
2024-10-04,24.7239,25.9917,25.3578
2024-10-07,25.0633,26.3487,25.706
2024-10-08,25.2216,26.515,25.8683
2024-10-09,25.321,26.6196,25.9703
2024-10-10,25.4175,26.7209,26.0692
2024-10-11,25.6726,26.9892,26.3309
2024-10-14,25.708,27.0264,26.3672
2024-10-15,25.8278,27.1522,26.49
2024-10-16,26.005,27.3386,26.6718
2024-10-17,25.9872,27.3198,26.6535
2024-10-18,26.1881,27.5311,26.8596
2024-10-21,26.3363,27.6869,27.0116
2024-10-22,26.3879,27.7411,27.0645
2024-10-23,26.6,27.9642,27.2821
2024-10-24,26.7575,28.1297,27.4436
2024-10-25,26.9958,28.3802,27.688
2024-10-28,27.6584,29.0768,28.3676
2024-10-29,27.8785,29.3081,28.5933
2024-10-30,27.9426,29.3756,28.6591
2024-10-31,27.9632,29.3972,28.6802
2024-11-01,27.9658,29.4,28.6829
2024-11-04,27.2986,28.6986,27.9986
2024-11-05,26.2298,27.575,26.9024
2024-11-06,25.3638,26.6646,26.0142
2024-11-07,25.0484,26.333,25.6907
2024-11-08,24.9496,26.229,25.5893
2024-11-11,24.8577,26.1325,25.4951
2024-11-12,24.8463,26.1205,25.4834
2024-11-13,24.6536,25.9178,25.2857
2024-11-14,24.6523,25.9165,25.2844
2024-11-15,24.6515,25.9157,25.2836
2024-11-18,24.6521,25.9163,25.2842
2024-11-19,24.6526,25.9168,25.2847
2024-11-20,24.6583,25.9229,25.2906
2024-11-21,24.6618,25.9266,25.2942
2024-11-22,24.6993,25.9659,25.3326
2024-11-25,24.7005,25.9671,25.3338
2024-11-26,24.6971,25.9637,25.3304
2024-11-27,24.6993,25.9659,25.3326
2024-11-28,24.7007,25.9675,25.3341
2024-11-29,24.815,26.0876,25.4513
2024-12-02,24.928,26.2064,25.5672
2024-12-03,24.9614,26.2414,25.6014
2024-12-04,24.9248,26.203,25.5639
2024-12-05,24.9649,26.2451,25.605
2024-12-06,24.9729,26.2535,25.6132
2024-12-09,25.0061,26.2885,25.6473
2024-12-10,25.0182,26.3012,25.6597
2024-12-11,25.0205,26.3037,25.6621
2024-12-13,25.053,26.3378,25.6954
2024-12-17,25.0803,26.3665,25.7234
2024-12-18,25.0891,26.3757,25.7324
2024-12-19,25.0981,26.3851,25.7416
2024-12-20,25.1198,26.408,25.7639
2024-12-24,25.125,26.4134,25.7692
2024-12-27,25.1368,26.4258,25.7813
2024-12-30,25.1422,26.4316,25.7869
2024-12-31,25.1535,26.4435,25.7985
2025-01-02,25.181,26.4724,25.8267
2025-01-03,25.177,26.4682,25.8226
2025-01-06,25.1889,26.4807,25.8348
2025-01-07,25.2158,26.509,25.8624
2025-01-08,25.2361,26.5302,25.8832
2025-01-09,25.3731,26.6742,26.0237
2025-01-10,25.4064,26.7093,26.0579
2025-01-13,25.4563,26.7617,26.109
2025-01-14,25.5399,26.8497,26.1948
2025-01-15,25.4965,26.8041,26.1503
2025-01-16,25.6108,26.9242,26.2675
2025-01-17,25.6049,26.9179,26.2614
2025-01-20,25.626,26.9402,26.2831
2025-01-21,25.6407,26.9557,26.2982
2025-01-22,25.6148,26.9284,26.2716
2025-01-23,25.633,26.9476,26.2903
2025-01-24,25.6429,26.9579,26.3004
2025-01-27,25.6631,26.9792,26.3212
2025-01-28,25.6801,26.9971,26.3386
2025-01-29,25.6874,27.0048,26.3461
2025-01-30,25.6914,27.009,26.3502
2025-01-31,25.7065,27.0247,26.3656
2025-02-03,25.7218,27.0408,26.3813
2025-02-04,25.7298,27.0492,26.3895
2025-02-05,25.731,27.0506,26.3908
2025-02-06,25.7417,27.0617,26.4017
2025-02-07,25.747,27.0674,26.4072
2025-02-10,25.7523,27.0729,26.4126
2025-02-11,25.7582,27.0792,26.4187
2025-02-12,25.7605,27.0815,26.421
2025-02-13,25.7711,27.0927,26.4319
2025-02-14,25.7756,27.0974,26.4365
2025-02-17,25.7815,27.1037,26.4426
2025-02-18,25.7895,27.1121,26.4508
2025-02-19,25.7947,27.1175,26.4561
2025-02-24,25.8257,27.1501,26.4879
2025-02-25,25.8223,27.1465,26.4844
2025-02-26,25.8387,27.1637,26.5012
2025-02-27,25.8885,27.2161,26.5523
2025-02-28,25.8975,27.2255,26.5615
2025-03-03,25.9184,27.2476,26.583
2025-03-06,25.9699,27.3017,26.6358
2025-03-10,25.9824,27.3148,26.6486
2025-03-11,25.9858,27.3184,26.6521
2025-03-12,26.0036,27.3372,26.6704
2025-03-13,25.9968,27.33,26.6634
2025-03-14,26.0028,27.3362,26.6695
2025-03-21,26.0392,27.3746,26.7069
2025-03-24,26.052,27.388,26.72
2025-03-25,26.0597,27.3961,26.7279
2025-03-26,26.0624,27.399,26.7307
2025-03-27,26.0727,27.4097,26.7412
2025-03-28,26.0773,27.4145,26.7459
2025-04-01,26.1027,27.4413,26.772
2025-04-02,26.1045,27.4431,26.7738
2025-04-03,26.109,27.448,26.7785
2025-04-04,26.1167,27.4561,26.7864
2025-04-14,26.1475,27.4883,26.8179
2025-04-15,26.1491,27.4901,26.8196
2025-04-16,26.1242,27.464,26.7941
2025-04-17,26.1294,27.4694,26.7994
2025-04-22,26.1387,27.4791,26.8089
2025-04-23,26.1499,27.4909,26.8204
2025-04-24,26.1582,27.4996,26.8289
2025-04-25,26.1337,27.4739,26.8038
2025-05-05,26.1503,27.4913,26.8208
2025-05-06,26.1565,27.4979,26.8272
2025-05-07,26.1599,27.5015,26.8307
2025-05-08,26.1629,27.5045,26.8337
2025-05-09,26.1691,27.5111,26.8401
2025-05-12,26.1784,27.5208,26.8496
2025-05-13,26.1846,27.5274,26.856
2025-05-14,26.1904,27.5334,26.8619
2025-05-15,26.1924,27.5356,26.864
2025-05-16,26.1978,27.5412,26.8695
2025-05-21,26.2132,27.5574,26.8853
2025-05-22,26.2189,27.5635,26.8912
2025-05-23,26.2238,27.5686,26.8962
2025-05-27,26.2289,27.5739,26.9014
2025-05-28,26.2297,27.5749,26.9023
2025-05-29,26.2311,27.5763,26.9037
2025-05-30,26.2374,27.583,26.9102
2025-06-02,26.2483,27.5943,26.9213
2025-06-03,26.2508,27.597,26.9239
2025-06-04,26.2579,27.6045,26.9312
2025-06-05,26.2616,27.6084,26.935
2025-06-06,26.2666,27.6136,26.9401
2025-06-09,26.2787,27.6263,26.9525
2025-06-10,26.2843,27.6323,26.9583
2025-06-11,26.293,27.6414,26.9672
2025-06-12,26.3005,27.6493,26.9749
2025-06-13,26.3024,27.6512,26.9768
2025-06-16,26.3051,27.6541,26.9796
2025-06-17,26.307,27.656,26.9815
2025-06-18,26.3118,27.6612,26.9865
2025-06-19,26.3159,27.6655,26.9907
2025-06-20,26.317,27.6666,26.9918
2025-06-23,26.3216,27.6714,26.9965
2025-06-24,26.2804,27.6282,26.9543
2025-06-25,26.2744,27.6218,26.9481
2025-06-26,26.2769,27.6245,26.9507
2025-06-27,26.2654,27.6124,26.9389
2025-06-30,26.2721,27.6193,26.9457
2025-07-01,26.2764,27.624,26.9502
2025-07-02,26.2791,27.6267,26.9529
2025-07-03,26.2822,27.63,26.9561
2025-07-04,26.2187,27.5633,26.891
2025-07-07,26.2106,27.5548,26.8827
2025-07-08,26.2157,27.5601,26.8879
2025-07-09,26.2182,27.5628,26.8905
2025-07-10,26.1749,27.5173,26.8461
2025-07-11,26.1684,27.5104,26.8394
2025-07-14,26.1696,27.5116,26.8406
2025-07-15,26.1463,27.4871,26.8167
2025-07-16,26.1215,27.4611,26.7913
2025-07-17,26.1266,27.4664,26.7965
2025-07-18,26.1314,27.4714,26.8014
2025-07-21,26.1362,27.4766,26.8064
2025-07-22,26.1194,27.4588,26.7891
2025-07-23,26.1187,27.4581,26.7884
2025-07-24,26.1058,27.4446,26.7752
2025-07-25,26.111,27.45,26.7805
2025-07-28,26.1217,27.4613,26.7915
2025-07-29,26.1248,27.4646,26.7947
2025-07-30,26.1197,27.4591,26.7894
2025-07-31,26.1166,27.456,26.7863
2025-08-01,26.1208,27.4604,26.7906
2025-08-04,26.1255,27.4653,26.7954
2025-08-05,26.1031,27.4417,26.7724
2025-08-06,26.1098,27.4488,26.7793
2025-08-07,26.0948,27.433,26.7639
2025-08-08,26.0915,27.4295,26.7605
2025-08-13,26.097,27.4354,26.7662
2025-08-14,26.1039,27.4425,26.7732
2025-08-15,26.1112,27.4502,26.7807
2025-08-18,26.0991,27.4375,26.7683
2025-08-19,26.0917,27.4297,26.7607
2025-08-20,26.0891,27.4271,26.7581
2025-08-21,26.0944,27.4326,26.7635
2025-08-22,26.0818,27.4194,26.7506
2025-08-25,26.0933,27.4314,26.7624
2025-08-26,26.0995,27.4379,26.7687
2025-08-27,26.0765,27.4137,26.7451
2025-08-28,26.081,27.4185,26.7498
2025-08-29,26.0859,27.4237,26.7548
2025-09-01,26.0728,27.4098,26.7413
2025-09-02,26.0673,27.4041,26.7357
2025-09-03,26.094,27.4322,26.7631
2025-09-04,26.0233,27.3579,26.6906
2025-09-05,26.0461,27.3819,26.714
2025-09-08,26.0608,27.3972,26.729
2025-09-09,26.0425,27.3781,26.7103
2025-09-10,26.0364,27.3716,26.704
2025-09-11,26.0629,27.3995,26.7312
2025-09-12,26.0601,27.3965,26.7283
2025-09-15,26.0642,27.4008,26.7325
2025-09-16,26.0486,27.3844,26.7165
2025-09-17,26.0105,27.3443,26.6774
2025-09-18,25.8912,27.219,26.5551
2025-09-19,25.9056,27.234,26.5698
2025-09-22,25.9072,27.2358,26.5715
2025-09-23,25.9108,27.2396,26.5752
2025-09-24,25.9435,27.2739,26.6087
2025-09-25,25.9006,27.2288,26.5647
2025-09-26,25.9065,27.2351,26.5708
2025-09-29,25.9055,27.2339,26.5697
2025-09-30,25.9778,27.31,26.6439
2025-10-01,26.0227,27.3571,26.6899
2025-10-02,26.0067,27.3403,26.6735
2025-10-03,25.9895,27.3223,26.6559
2025-10-06,25.984,27.3166,26.6503
2025-10-07,25.9816,27.314,26.6478
2025-10-08,26.0355,27.3707,26.7031
2025-10-09,26.0418,27.3772,26.7095
2025-10-10,26.0424,27.378,26.7102
2025-10-13,26.0036,27.3372,26.6704
2025-10-14,25.9759,27.3079,26.6419
2025-10-15,25.9606,27.292,26.6263
2025-10-16,25.9579,27.2891,26.6235
2025-10-17,25.9726,27.3046,26.6386
2025-10-20,25.9456,27.2762,26.6109
2025-10-21,25.9138,27.2428,26.5783
2025-10-22,25.8589,27.1849,26.5219
2025-10-23,25.851,27.1766,26.5138
2025-10-24,25.8565,27.1825,26.5195
2025-10-27,25.8442,27.1696,26.5069
2025-10-28,25.846,27.1714,26.5087
2025-10-29,25.8076,27.131,26.4693
2025-10-30,25.786,27.1084,26.4472
2025-10-31,25.7268,27.0462,26.3865
2025-11-03,25.7208,27.0398,26.3803
2025-11-04,25.7276,27.047,26.3873
2025-11-05,25.7109,27.0295,26.3702
2025-11-07,25.7275,27.0469,26.3872
2025-11-10,25.7325,27.0521,26.3923
2025-11-11,25.7018,27.0198,26.3608
2025-11-12,25.7424,27.0626,26.4025
2025-11-13,25.6828,26.9998,26.3413
2025-11-14,25.6811,26.9981,26.3396
2025-11-17,25.6884,27.0058,26.3471
2025-11-18,25.6501,26.9655,26.3078
2025-11-19,25.6285,26.9427,26.2856
2025-11-20,25.7352,27.055,26.3951
2025-11-21,25.6638,26.9798,26.3218
2025-11-24,25.6391,26.9539,26.2965
2025-11-25,25.6302,26.9446,26.2874
2025-11-26,25.5405,26.8503,26.1954
2025-11-27,25.5276,26.8368,26.1822
2025-11-28,25.5353,26.8449,26.1901
2025-12-01,25.4963,26.8039,26.1501
2025-12-02,25.5167,26.8253,26.171
2025-12-03,25.5436,26.8536,26.1986
2025-12-04,25.5052,26.8132,26.1592
2025-12-05,25.4849,26.7919,26.1384
2025-12-08,25.4594,26.765,26.1122
2025-12-09,25.473,26.7794,26.1262
2025-12-10,25.4805,26.7871,26.1338
2025-12-11,25.4575,26.7631,26.1103
2025-12-12,25.4517,26.7569,26.1043
2025-12-15,25.4571,26.7625,26.1098
2025-12-16,25.449,26.754,26.1015
2025-12-17,25.4876,26.7946,26.1411
2025-12-18,25.4536,26.759,26.1063
2025-12-19,25.446,26.751,26.0985
2025-12-23,25.397,26.6994,26.0482
2025-12-24,25.3759,26.6773,26.0266
2025-12-29,25.3605,26.6611,26.0108
2026-01-02,25.2747,26.5709,25.9228
2026-01-05,25.183,26.4744,25.8287
2026-01-06,25.228,26.5218,25.8749
2026-01-07,25.0921,26.3789,25.7355
2026-01-08,25.0774,26.3634,25.7204
2026-01-09,25.0753,26.3613,25.7183
2026-01-12,25.0674,26.353,25.7102
2026-01-13,25.074,26.3598,25.7169
2026-01-14,25.03,26.3136,25.6718
2026-01-15,24.9801,26.2611,25.6206
2026-01-16,24.9656,26.2458,25.6057
2026-01-19,24.9725,26.2531,25.6128
2026-01-20,24.9837,26.2649,25.6243
2026-01-21,24.9581,26.2381,25.5981
2026-01-22,24.9504,26.23,25.5902
2026-01-23,24.9613,26.2413,25.6013
2026-01-26,24.9646,26.2448,25.6047
2026-01-27,24.9735,26.2541,25.6138
2026-01-28,24.9853,26.2665,25.6259
2026-01-29,24.9478,26.2272,25.5875
2026-01-30,24.9411,26.2201,25.5806
2026-02-02,24.9787,26.2597,25.6192
2026-02-03,25.004,26.2862,25.6451
2026-02-04,25.0285,26.3121,25.6703
2026-02-05,25.121,26.4092,25.7651
2026-02-06,24.9511,26.2307,25.5909
2026-02-09,24.9323,26.2109,25.5716
2026-02-10,24.9498,26.2292,25.5895
2026-02-11,24.9252,26.2034,25.5643
2026-02-12,24.9191,26.1971,25.5581
2026-02-13,24.9217,26.1997,25.5607
2026-02-16,24.9278,26.2062,25.567
2026-02-17,24.9502,26.2298,25.59
2026-02-18,24.9634,26.2436,25.6035
2026-02-19,24.9349,26.2137,25.5743
2026-02-20,24.8999,26.1769,25.5384
2026-02-23,24.9407,26.2197,25.5802
2026-02-24,25.0917,26.3785,25.7351
2026-02-25,25.0704,26.356,25.7132
2026-02-26,25.0105,26.2931,25.6518
2026-02-27,25.129,26.4176,25.7733
2026-03-02,25.1154,26.4034,25.7594
2026-03-03,25.1223,26.4107,25.7665
2026-03-04,25.1347,26.4237,25.7792
2026-03-05,25.1093,26.3969,25.7531
2026-03-06,25.0908,26.3776,25.7342
2026-03-09,24.9718,26.2524,25.6121
2026-03-10,24.9808,26.2618,25.6213
2026-03-11,24.867,26.1422,25.5046
2026-03-12,24.8452,26.1194,25.4823
2026-03-13,24.8139,26.0865,25.4502
2026-03-16,24.7985,26.0703,25.4344
2026-03-17,24.661,25.9256,25.2933
2026-03-18,24.6335,25.8967,25.2651
2026-03-19,24.6715,25.9367,25.3041
2026-03-20,24.6798,25.9454,25.3126
2026-03-23,24.6699,25.9351,25.3025
2026-03-24,24.6799,25.9455,25.3127
2026-03-25,24.6288,25.8918,25.2603
2026-03-26,24.733,26.0014,25.3672
2026-03-27,24.7401,26.0089,25.3745
2026-03-30,24.712,25.9792,25.3456
2026-03-31,24.6879,25.9539,25.3209
2026-04-01,24.7062,25.9732,25.3397
2026-04-02,24.7232,25.991,25.3571
2026-04-07,24.6954,25.9618,25.3286
2026-04-08,24.6065,25.8683,25.2374
2026-04-09,24.6091,25.8711,25.2401
2026-04-10,24.5341,25.7923,25.1632
2026-04-13,24.6004,25.862,25.2312
2026-04-14,24.6177,25.8801,25.2489
2026-04-15,24.6017,25.8633,25.2325
2026-04-16,24.5347,25.7929,25.1638
2026-04-17,24.5489,25.8079,25.1784
2026-04-20,24.5696,25.8296,25.1996
2026-04-21,24.6153,25.8777,25.2465
2026-04-22,24.6185,25.8809,25.2497
2026-04-23,24.6295,25.8925,25.261
2026-04-24,24.5878,25.8488,25.2183
2026-04-27,24.5639,25.8235,25.1937
2026-04-28,24.6567,25.9211,25.2889
2026-04-29,24.6652,25.93,25.2976
2026-04-30,24.7084,25.9754,25.3419
2026-05-04,24.7792,26.05,25.4146
2026-05-05,24.8602,26.135,25.4976
2026-05-06,24.8704,26.1458,25.5081
2026-05-07,24.899,26.1758,25.5374
2026-05-08,25.1164,26.4044,25.7604
2026-05-11,25.1947,26.4867,25.8407
2026-05-12,25.1198,26.408,25.7639
2026-05-13,25.1259,26.4144,25.7701
2026-05-14,25.1892,26.481,25.8351
2026-05-18,25.2704,26.5664,25.9184
2026-05-19,25.43,26.734,26.082
2026-05-20,25.5683,26.8795,26.2239
2026-05-21,25.6855,27.0027,26.3441
2026-05-22,25.6636,26.9796,26.3216
2026-05-26,25.7535,27.0741,26.4138
2026-05-27,25.8031,27.1263,26.4647
2026-05-28,26.2201,27.5647,26.8924
2026-05-29,26.2451,27.5911,26.9181
2026-06-01,26.179,27.5216,26.8503
2026-06-02,26.2171,27.5615,26.8893
2026-06-03,26.179,27.5216,26.8503
2026-06-04,26.212,27.5562,26.8841
2026-06-05,26.1155,27.4547,26.7851
2026-06-08,26.1333,27.4735,26.8034
2026-06-09,26.102,27.4406,26.7713
2026-06-10,26.1087,27.4477,26.7782
2026-06-11,26.1109,27.4499,26.7804
2026-06-12,26.1,27.4384,26.7692
2026-06-15,26.0193,27.3537,26.6865
2026-06-16,26.0312,27.3662,26.6987
2026-06-17,26.1007,27.4391,26.7699
2026-06-18,26.0817,27.4193,26.7505
2026-06-19,26.1019,27.4405,26.7712
2026-06-22,26.0957,27.4339,26.7648
2026-06-23,26.135,27.4752,26.8051
2026-06-24,26.1676,27.5096,26.8386
2026-06-25,26.1033,27.4419,26.7726
2026-06-26,26.1565,27.4979,26.8272
2026-06-29,26.1645,27.5063,26.8354
2026-06-30,26.1006,27.439,26.7698
2026-07-01,26.1982,27.5416,26.8699
2026-07-02,26.2006,27.5442,26.8724
2026-07-03,26.1443,27.4851,26.8147
2026-07-06,26.2207,27.5653,26.893
2026-07-07,26.1266,27.4664,26.7965
2026-07-08,26.1054,27.4442,26.7748
2026-07-09,26.0884,27.4262,26.7573
2026-07-10,26.048,27.3838,26.7159
